Date	Sunrise	Noon	Sunset
2023-03-01	6:34	12:04:21	17:36
2023-03-02	6:32	12:04:09	17:37
2023-03-03	6:30	12:03:57	17:38
2023-03-04	6:28	12:03:44	17:40
2023-03-05	6:26	12:03:31	17:41
2023-03-06	6:25	12:03:17	17:43
2023-03-07	6:23	12:03:03	17:44
2023-03-08	6:21	12:02:48	17:46
2023-03-09	6:19	12:02:33	17:47
2023-03-10	6:17	12:02:18	17:49
2023-03-11	6:15	12:02:02	17:50
2023-03-12	6:13	12:01:47	17:51
2023-03-13	6:11	12:01:30	17:53
2023-03-14	6:09	12:01:14	17:54
2023-03-15	6:07	12:00:57	17:56
2023-03-16	6:05	12:00:41	17:57
2023-03-17	6:03	12:00:23	17:59
2023-03-18	6:01	12:00:06	18:00
2023-03-19	5:59	11:59:49	18:01
2023-03-20	5:57	11:59:31	18:03
2023-03-21	5:55	11:59:14	18:04
2023-03-22	5:53	11:58:56	18:06
2023-03-23	5:51	11:58:38	18:07
2023-03-24	5:49	11:58:20	18:08
2023-03-25	5:47	11:58:02	18:10
2023-03-26	5:45	11:57:44	18:11
2023-03-27	5:43	11:57:26	18:13
2023-03-28	5:41	11:57:08	18:14
2023-03-29	5:39	11:56:50	18:15
2023-03-30	5:37	11:56:32	18:17
2023-03-31	5:35	11:56:14	18:18
